regime_id,regime_label,panel,ddt,fallback,monitoring,remote_assistance,remote_intervention,remote_driving,dispatch,service_operation,lifecycle,testing,keeper,rationale,confidence,term,framework,verification,records
RC-001,Human driver,current,Yes,Conditional,Yes,No,No,No,Strategic only,No,No,No,No,"Important baseline: the legal concept of driver is not simply replaced by an 'operator'; some regimes preserve, redistribute or deem performance of driver duties.",,Driver,UNECE / 1968 Vienna Convention,Primary-source checked,ROAT-2026-0009;ROAT-2026-0011
RC-002,ADS as functional substitute for driver requirement,current,System,System-dependent,Self-monitoring,Possible interface,Possible interface,No human remote driving,No,No,Technical compliance,No,No,"Critical ontology distinction: a technical system may perform the driving task without becoming the person legally responsible for service operation, compliance or supervision.",,Automated driving system satisfying Article 34 bis conditions,UNECE / 1968 Vienna Convention,Primary-source checked,ROAT-2026-0009;ROAT-2026-0011;ROAT-2026-0300
RC-003,Remote assistance / remote interaction,current,No,Support only,Yes,Yes,Limited,No,Possible,No,No,No,No,Must remain distinct from remote driving. Advice/assistance does not automatically mean takeover of lateral and longitudinal control.,,Remote assistance / remote interaction,UNECE ADS work / technical interpretation,ROAT verified source,ROAT-2026-0193
RC-004,Transport / service operator,current,No,Organisational,Entity-level,Arranged,Arranged,No,Yes,Yes,Possible,No,No,"Do not conflate with vehicle owner, ADS manufacturer/provider or remote human supervisor.",,Transport service operator,European Union – Regulation (EU) 2022/1426,Primary-source checked via ROAT,ROAT-2026-0040;ROAT-2026-0218;ROAT-2026-0311;ROAT-2026-0312
RC-005,Remote management function,current,No,Support,Yes,Yes,Yes,Not necessarily,Yes,Supports,Possible,No,No,"Ontology should model this primarily as a function or organisational capability, not automatically as one named natural person.",,Remote management,European Union – Regulation (EU) 2022/1426 / JRC interpretation,Primary / official interpretation checked,ROAT-2026-0311;ROAT-2026-0040
RC-006,Authorised self-driving entity / ADS legal-responsibility entity,current,No,No direct,Entity-level,Possible,Possible,No,No,No / distinct,Yes,No,No,High-value comparison for Slovak drafting: UK separates the entity responsible for the authorised self-driving feature from individual users and service-operation roles.,,Authorised self-driving entity (ASDE),Great Britain – Automated Vehicles Act 2024,Primary-source checked,ROAT-2026-0171
RC-007,User with limited in-vehicle legal duties during self-driving,current,No while engaged,Transition,Readiness duties,No,No,No,Limited,No,No,No,No,"Useful to prevent collapsing 'driver', 'user' and 'operator' into one category.",,User-in-charge,Great Britain – Automated Vehicles Act 2024,Primary-source checked,ROAT-2026-0171
RC-008,No-user-in-charge operational entity,current,No,Organisational,Entity-level,Arranged,Arranged,No,Yes,Yes,Possible,No,No,Potential model for commercial driverless operation in Slovakia where no human user-in-charge is present.,,No-user-in-charge operator (NUIC operator),Great Britain – Automated Vehicles Act 2024,Primary-source checked,ROAT-2026-0171;ROAT-2026-0301
RC-009,Technical remote supervisor,current,No continuous,Support,Yes,Yes,Legally constrained,No,No,No,No,No,No,A key warning against translating Technische Aufsicht simply as remote driver: German law deliberately separates supervision/authorisation from continuous vehicle control.,,Technische Aufsicht,Germany – StVG / AFGBV,Primary-source checked,ROAT-2026-0170;ROAT-2026-0205
RC-010,Automated road transport system operator,current,No,Organisational,Entity-level,Arranged,Arranged,No,Yes,Yes,Possible,No,No,"France structures responsibility around the transport system/service, not only around the individual vehicle.",,Exploitant du système de transport routier automatisé,France – STRA framework,Primary-source checked via ROAT,ROAT-2026-0307;ROAT-2026-0308
RC-011,Authorised remote intervention person,current,Limited intervention,Support,Yes,Yes,Yes,Not ordinary,No,No,No,No,No,French law is useful because it expressly links remote intervention to personal legal responsibility; this is a distinct design choice from pure technical supervision.,,Personne habilitée à intervenir à distance,France – STRA / automated-driving framework,Primary-source checked via ROAT,ROAT-2026-0307;ROAT-2026-0308
RC-012,In-vehicle operator during automated operation,current,No,MRM request,Yes,No remote,In-vehicle commands,No,Route / stops,No,No,No,No,Useful counter-example: Croatia explicitly names an in-vehicle operator separately from a remote intervention operator.,,Operator u vozilu,Croatia – Road Traffic Safety Act,Primary-source checked via ROAT,ROAT-2026-0303;ROAT-2026-0262
RC-013,Remote intervention operator,current,No,MRM support,Yes,Yes,Yes,No,Possible,No,No,No,No,Strong comparative candidate for Slovak legislative drafting because Croatia separates remote intervention from in-vehicle operation.,,Operator intervencije na daljinu,Croatia – Road Traffic Safety Act,Primary-source checked via ROAT,ROAT-2026-0303;ROAT-2026-0262
RC-014,Licensed fully automated vehicle operator,current,No,Organisational,Entity-level,Arranged,Arranged,No,Yes,Yes,Possible,No,No,Status flag is essential: as of 26 August 2026 this is not effective law and should never be returned as a current Slovak legal role without qualification.,,Prevádzkovateľ plne automatizovaného vozidla – proposed licence-holder role,Slovakia – parliamentary print 1329 (draft),Draft text checked; not in force,ROAT-2026-0159
RC-015,Supervision operator,current,No continuous,Support,Yes,Possible,Possible,Potential boundary,No,No,No,No,No,"Key research issue: determine whether the draft function is closer to German Technische Aufsicht, French authorised remote intervener, Croatian remote intervention operator, or an EU remote-management function. It may improperly combine several models.",,Operátor dohľadu,Slovakia – parliamentary print 1329 (draft),Draft text checked; not in force,ROAT-2026-0159
RC-016,Level 3 fallback-ready user,current,After takeover,Yes,Readiness,No,No,No,No,No,No,No,No,Critical distinction for Level 3: fallback-ready user is not a remote supervisor and is not the service operator.,,DDT fallback-ready user,SAE J3016,Primary technical standard checked via ROAT,ROAT-2026-0120
RC-017,Remote human driver,current,Yes,Possible,Yes,No,Yes – direct,Yes,No,No,No,No,No,This is the cleanest comparator for testing whether Slovak supervision powers cross the line into actual remote driving.,,Remote driver,SAE J3016,Primary technical standard checked via ROAT,ROAT-2026-0120
RC-018,Trip-dispatch / strategic user,current,No,No,No,Possible,No,No,Yes,Support,No,No,No,"Useful reminder that strategic trip management, DDT performance and remote supervision are separate functions.",,Dispatcher,SAE J3016,Primary technical standard checked via ROAT,ROAT-2026-0120
RC-019,Prototype ADS fallback test driver,current,Conditional,Yes,Yes,Possible,Possible,Possible,No,No,No,Testing role,No,Testing roles should be kept separate from deployment roles; otherwise prototype safeguards can be mistaken for permanent operational governance.,,Fallback test driver,SAE J3018,Primary-source checked; ROAT record ROAT-2026-0369,ROAT-2026-0369
RC-020,In-vehicle prototype fallback test driver,current,After takeover,Yes,Yes,No,In-vehicle,No,No,No,No,Testing role,No,This role becomes an ordinary test driver once it actually assumes the complete DDT.,,In-vehicle fallback test driver (IFTD),SAE J3018,Primary-source checked; ROAT record ROAT-2026-0369,ROAT-2026-0369
RC-021,Remote prototype fallback test driver,current,Possible during fallback,Yes,Yes,No,Direct fallback,Potentially yes,No,No,No,Testing role,No,High-value boundary case: remote fallback test driving is materially different from remote assistance and supervision.,,Remote fallback test driver,SAE J3018,Primary SAE source checked; guidance expressly limited,ROAT-2026-0369
RC-022,Safety driver in public-road AV testing,current,Conditional,Yes,Yes,No,In-vehicle takeover,No,No,No,No,Testing driver role,No,"California 2026 rules retain a distinct permitting pathway for testing with a safety driver, separate from driverless testing and deployment.",,Autonomous vehicle test driver / safety driver,California – DMV testing regime,Official California current regulations checked,ROAT-2026-0172
RC-023,AV testing permit holder,current,No,Organisational,Entity-level,Arranged,Arranged,No,Yes,Testing programme,Possible,Yes,No,Useful for separating testing authorisation from commercial/deployment operator licensing in Slovak law.,,Manufacturer / autonomous vehicle testing permit holder,California – DMV AV program,Official California permit framework checked,ROAT-2026-0172;ROAT-2026-0183;ROAT-2026-0185
RC-024,Automated-vehicle trial permit holder,current,No,Organisational,Entity-level,Arranged,Arranged,Possible by permit design,Yes,Testing programme,No,Yes,No,Strong comparator for redesigning Slovak test operation as a controlled validation/trial phase rather than conflating it with deployment.,,Permit holder for trial operation with automated vehicles,Sweden – Swedish Transport Agency,Primary-source checked; ROAT records ROAT-2026-0370; ROAT-2026-0371,ROAT-2026-0370;ROAT-2026-0371
RC-025,ADS lifecycle safety entity,current,No,Lifecycle,Entity-level,Arranged,Arranged,No,No,Distinct,Yes,No,No,Important comparator to UK ASDE: both separate ADS safety responsibility from ordinary vehicle ownership and human user roles.,,Automated Driving System Entity (ADSE),Australia – proposed Automated Vehicle Safety Law framework,Primary-source checked; proposed law not yet in force; ROAT record ROAT-2026-0372,ROAT-2026-0372
RC-026,Driverless-operation permission holder,current,No,Organisational,Entity-level,Arranged,Arranged,No,Yes,Yes,Possible,Permission holder,No,Japan is valuable because it separates the permission-holding implementer from the natural-person supervisor responsible for remote monitoring and accident response.,,Specified Automated Operation (SAO) implementer,Japan – Road Traffic Act SAO framework,Primary-source checked; ROAT record ROAT-2026-0373,ROAT-2026-0373
RC-027,Remote operational supervisor,current,No,Incident response,Yes,Yes,Limited,No routine,No,No,No,No,No,A particularly clean comparator if Slovak law intends supervision without continuous remote DDT control.,,Specified Automated Operation (SAO) supervisor,Japan – Road Traffic Act SAO framework,Primary-source checked; ROAT record ROAT-2026-0373,ROAT-2026-0373
RC-028,Automated commercial vehicle pilot participant,current,No,Organisational,Entity-level,Arranged,Arranged,No,Yes,Testing programme,No,Yes,No,Ontario explicitly keeps the participant responsible at all times even when an assistant provides remote or in-vehicle oversight.,,ACMV Pilot Program participant / approval package holder,"Ontario, Canada – ACMV Pilot Program",Primary-source checked; ROAT records ROAT-2026-0374; ROAT-2026-0375,ROAT-2026-0374;ROAT-2026-0375
RC-029,Driverless-test oversight assistant,current,No regular,Safe-stop support,Yes,Yes,Limited exceptional,No regular driving,No,No,No,Pilot oversight,No,"High-value drafting model because the legal boundary is explicit: oversight may include safe-stop/manoeuvring/advice, but not remote control for regular driving tasks.",,Assistant,"Ontario, Canada – ACMV Pilot Program",Primary-source checked; ROAT records ROAT-2026-0375; ROAT-2026-0374,ROAT-2026-0375;ROAT-2026-0374
RC-030,Vehicle owner as statutory responsibility holder,current,No,No,No,No,No,No,No,Distinct,No,No,Yes,"Croatia is a useful warning against conflating owner, service operator and remote human roles: the owner carries specific offence and data duties even though intervention roles are separately defined.",,Vlasnik potpuno automatiziranog vozila,Croatia – Road Traffic Safety Act,Primary-source checked via ROAT,ROAT-2026-0303;ROAT-2026-0262
